id;first_name;second_name;birthday;cpf
1;Helena;teletype sedately amongst;2024-02-18;797.395.700-62
2;Eduardo;dough yum really;2024-02-18;797.395.700-62
3;Carla;incentivize;2024-02-18;797.395.700-62
4;Ricardo;mmm lamp;2024-02-18;797.395.700-62
5;Fel√≠cia;if neglected;2024-02-18;797.395.700-62
6;Liz;reluctantly;2024-02-18;797.395.700-62
7;Dalila;thankfully;2024-02-18;797.395.700-62
8;Aline;concerning;2024-02-18;797.395.700-62
9;Lucca;behind;2024-02-18;797.395.700-62
10;Yasmin;tepid yahoo;2024-02-18;797.395.700-62
